param;accuracy;recall;TP;TN;FP;FN
{'n_estimators': 25, 'max_samples': 0.5, 'max_features': 8, 'contamination': 0.026073206721577955};0.070308202;0.95629411;6773;4483112;115643;89560
{'n_estimators': 50, 'max_samples': 0.5, 'max_features': 8, 'contamination': 0.026073206721577955};0.072072914;0.956366526;6943;4483282;115473;89390
{'n_estimators': 75, 'max_samples': 0.5, 'max_features': 8, 'contamination': 0.026073206721577955};0.073557348;0.956427441;7086;4483425;115330;89247
{'n_estimators': 100, 'max_samples': 0.5, 'max_features': 8, 'contamination': 0.026073206721577955};0.073048696;0.956406568;7037;4483376;115379;89296
{'n_estimators': 200, 'max_samples': 0.5, 'max_features': 8, 'contamination': 0.026073206721577955};0.070796093;0.956314131;6820;4483159;115596;89513
{'n_estimators': 25, 'max_samples': 0.2, 'max_features': 8, 'contamination': 0.026073206721577955};0.070650763;0.956308167;6806;4483145;115610;89527
{'n_estimators': 50, 'max_samples': 0.2, 'max_features': 8, 'contamination': 0.026073206721577955};0.070546957;0.956303907;6796;4483135;115620;89537
{'n_estimators': 75, 'max_samples': 0.2, 'max_features': 8, 'contamination': 0.026073206721577955};0.067941412;0.956196987;6545;4482884;115871;89788
{'n_estimators': 100, 'max_samples': 0.2, 'max_features': 8, 'contamination': 0.026073206721577955};0.069706124;0.956269403;6715;4483054;115701;89618
{'n_estimators': 200, 'max_samples': 0.2, 'max_features': 8, 'contamination': 0.026073206721577955};0.070079827;0.956284738;6751;4483090;115665;89582
{'n_estimators': 25, 'max_samples': 0.05, 'max_features': 8, 'contamination': 0.026073206721577955};0.064162852;0.956041931;6181;4482520;116235;90152
{'n_estimators': 50, 'max_samples': 0.05, 'max_features': 8, 'contamination': 0.026073206721577955};0.065450053;0.956094753;6305;4482644;116111;90028
{'n_estimators': 75, 'max_samples': 0.05, 'max_features': 8, 'contamination': 0.026073206721577955};0.068159405;0.956205933;6566;4482905;115850;89767
{'n_estimators': 100, 'max_samples': 0.05, 'max_features': 8, 'contamination': 0.026073206721577955};0.06603137;0.956118607;6361;4482700;116055;89972
{'n_estimators': 200, 'max_samples': 0.05, 'max_features': 8, 'contamination': 0.026073206721577955};0.068906813;0.956236603;6638;4482977;115778;89695
{'n_estimators': 25, 'max_samples': 0.5, 'max_features': 6, 'contamination': 0.026073206721577955};0.071398171;0.956338838;6878;4483217;115538;89455
{'n_estimators': 50, 'max_samples': 0.5, 'max_features': 6, 'contamination': 0.026073206721577955};0.072820321;0.956397196;7015;4483354;115401;89318
{'n_estimators': 75, 'max_samples': 0.5, 'max_features': 6, 'contamination': 0.026073206721577955};0.073412019;0.956421477;7072;4483411;115344;89261
{'n_estimators': 100, 'max_samples': 0.5, 'max_features': 6, 'contamination': 0.026073206721577955};0.073474303;0.956424033;7078;4483417;115338;89255
{'n_estimators': 200, 'max_samples': 0.5, 'max_features': 6, 'contamination': 0.026073206721577955};0.071803017;0.956355451;6917;4483256;115499;89416
{'n_estimators': 25, 'max_samples': 0.2, 'max_features': 6, 'contamination': 0.026073206721577955};0.069218233;0.956249382;6668;4483007;115748;89665
{'n_estimators': 50, 'max_samples': 0.2, 'max_features': 6, 'contamination': 0.026073206721577955};0.065263202;0.956087085;6287;4482626;116129;90046
{'n_estimators': 75, 'max_samples': 0.2, 'max_features': 6, 'contamination': 0.026073206721577955};0.068668058;0.956226806;6615;4482954;115801;89718
{'n_estimators': 100, 'max_samples': 0.2, 'max_features': 6, 'contamination': 0.026073206721577955};0.070474292;0.956300926;6789;4483128;115627;89544
{'n_estimators': 200, 'max_samples': 0.2, 'max_features': 6, 'contamination': 0.026073206721577955};0.068408541;0.956216156;6590;4482929;115826;89743
{'n_estimators': 25, 'max_samples': 0.05, 'max_features': 6, 'contamination': 0.026073206721577955};0.063062502;0.955996778;6075;4482414;116341;90258
{'n_estimators': 50, 'max_samples': 0.05, 'max_features': 6, 'contamination': 0.026073206721577955};0.066083274;0.956120737;6366;4482705;116050;89967
{'n_estimators': 75, 'max_samples': 0.05, 'max_features': 6, 'contamination': 0.026073206721577955};0.067723418;0.956188042;6524;4482863;115892;89809
{'n_estimators': 100, 'max_samples': 0.05, 'max_features': 6, 'contamination': 0.026073206721577955};0.063425825;0.956011687;6110;4482449;116306;90223
{'n_estimators': 200, 'max_samples': 0.05, 'max_features': 6, 'contamination': 0.026073206721577955};0.068252831;0.956209766;6575;4482914;115841;89758
{'n_estimators': 25, 'max_samples': 0.5, 'max_features': 4, 'contamination': 0.026073206721577955};0.062751082;0.955983999;6045;4482384;116371;90288
{'n_estimators': 50, 'max_samples': 0.5, 'max_features': 4, 'contamination': 0.026073206721577955};0.06255385;0.955975905;6026;4482365;116390;90307
{'n_estimators': 75, 'max_samples': 0.5, 'max_features': 4, 'contamination': 0.026073206721577955};0.066124796;0.956122441;6370;4482709;116046;89963
{'n_estimators': 100, 'max_samples': 0.5, 'max_features': 4, 'contamination': 0.026073206721577955};0.068574632;0.956222972;6606;4482945;115810;89727
{'n_estimators': 200, 'max_samples': 0.5, 'max_features': 4, 'contamination': 0.026073206721577955};0.069010619;0.956240863;6648;4482987;115768;89685
{'n_estimators': 25, 'max_samples': 0.2, 'max_features': 4, 'contamination': 0.026073206721577955};0.060654189;0.955897951;5843;4482182;116573;90490
{'n_estimators': 50, 'max_samples': 0.2, 'max_features': 4, 'contamination': 0.026073206721577955};0.068304735;0.956211896;6580;4482919;115836;89753
{'n_estimators': 75, 'max_samples': 0.2, 'max_features': 4, 'contamination': 0.026073206721577955};0.067879128;0.956194431;6539;4482878;115877;89794
{'n_estimators': 100, 'max_samples': 0.2, 'max_features': 4, 'contamination': 0.026073206721577955};0.066104035;0.956121589;6368;4482707;116048;89965
{'n_estimators': 200, 'max_samples': 0.2, 'max_features': 4, 'contamination': 0.026073206721577955};0.067941412;0.956196987;6545;4482884;115871;89788
{'n_estimators': 25, 'max_samples': 0.05, 'max_features': 4, 'contamination': 0.026073206721577955};0.060176679;0.955878356;5797;4482136;116619;90536
{'n_estimators': 50, 'max_samples': 0.05, 'max_features': 4, 'contamination': 0.026073206721577955};0.063301257;0.956006575;6098;4482437;116318;90235
{'n_estimators': 75, 'max_samples': 0.05, 'max_features': 4, 'contamination': 0.026073206721577955};0.065844518;0.95611094;6343;4482682;116073;89990
{'n_estimators': 100, 'max_samples': 0.05, 'max_features': 4, 'contamination': 0.026073206721577955};0.063467348;0.956013391;6114;4482453;116302;90219
{'n_estimators': 200, 'max_samples': 0.05, 'max_features': 4, 'contamination': 0.026073206721577955};0.065730331;0.956106254;6332;4482671;116084;90001
{'n_estimators': 25, 'max_samples': 0.5, 'max_features': 1, 'contamination': 0.026073206721577955};0.049411936;0.955436618;4760;4481099;117656;91573
{'n_estimators': 50, 'max_samples': 0.5, 'max_features': 1, 'contamination': 0.026073206721577955};0.046837532;0.955330976;4512;4480851;117904;91821
{'n_estimators': 75, 'max_samples': 0.5, 'max_features': 1, 'contamination': 0.026073206721577955};0.053304683;0.955596359;5135;4481474;117281;91198
{'n_estimators': 100, 'max_samples': 0.5, 'max_features': 1, 'contamination': 0.026073206721577955};0.046308119;0.955309251;4461;4480800;117955;91872
{'n_estimators': 200, 'max_samples': 0.5, 'max_features': 1, 'contamination': 0.026073206721577955};0.045747563;0.955286248;4407;4480746;118009;91926
{'n_estimators': 25, 'max_samples': 0.2, 'max_features': 1, 'contamination': 0.026073206721577955};0.041657584;0.955118413;4013;4480352;118403;92320
{'n_estimators': 50, 'max_samples': 0.2, 'max_features': 1, 'contamination': 0.026073206721577955};0.054145516;0.955630864;5216;4481555;117200;91117
{'n_estimators': 75, 'max_samples': 0.2, 'max_features': 1, 'contamination': 0.026073206721577955};0.050667995;0.955488161;4881;4481220;117535;91452
{'n_estimators': 100, 'max_samples': 0.2, 'max_features': 1, 'contamination': 0.026073206721577955};0.045280433;0.955267079;4362;4480701;118054;91971
{'n_estimators': 200, 'max_samples': 0.2, 'max_features': 1, 'contamination': 0.026073206721577955};0.045996699;0.955296472;4431;4480770;117985;91902
{'n_estimators': 25, 'max_samples': 0.05, 'max_features': 1, 'contamination': 0.026073206721577955};0.038968993;0.955008085;3754;4480093;118662;92579
{'n_estimators': 50, 'max_samples': 0.05, 'max_features': 1, 'contamination': 0.026073206721577955};0.054747594;0.95565557;5274;4481613;117142;91059
{'n_estimators': 75, 'max_samples': 0.05, 'max_features': 1, 'contamination': 0.026073206721577955};0.042695649;0.955161011;4113;4480452;118303;92220
{'n_estimators': 100, 'max_samples': 0.05, 'max_features': 1, 'contamination': 0.026073206721577955};0.043692193;0.955201905;4209;4480548;118207;92124
{'n_estimators': 200, 'max_samples': 0.05, 'max_features': 1, 'contamination': 0.026073206721577955};0.049702594;0.955448545;4788;4481127;117628;91545
{'n_estimators': 25, 'max_samples': 0.5, 'max_features': 8, 'contamination': 0.12203008214118917};0.204530119;0.865845113;19703;4045516;553239;76630
{'n_estimators': 50, 'max_samples': 0.5, 'max_features': 8, 'contamination': 0.12203008214118917};0.218222208;0.866406977;21022;4046835;551920;75311
{'n_estimators': 75, 'max_samples': 0.5, 'max_features': 8, 'contamination': 0.12203008214118917};0.219395223;0.866455112;21135;4046948;551807;75198
{'n_estimators': 100, 'max_samples': 0.5, 'max_features': 8, 'contamination': 0.12203008214118917};0.218793145;0.866430406;21077;4046890;551865;75256
{'n_estimators': 200, 'max_samples': 0.5, 'max_features': 8, 'contamination': 0.12203008214118917};0.218004215;0.866398031;21001;4046814;551941;75332
{'n_estimators': 25, 'max_samples': 0.2, 'max_features': 8, 'contamination': 0.12203008214118917};0.216426354;0.866333283;20849;4046662;552093;75484
{'n_estimators': 50, 'max_samples': 0.2, 'max_features': 8, 'contamination': 0.12203008214118917};0.214827733;0.866267682;20695;4046508;552247;75638
{'n_estimators': 75, 'max_samples': 0.2, 'max_features': 8, 'contamination': 0.12203008214118917};0.213592435;0.866216991;20576;4046389;552366;75757
{'n_estimators': 100, 'max_samples': 0.2, 'max_features': 8, 'contamination': 0.12203008214118917};0.217744698;0.866387382;20976;4046789;551966;75357
{'n_estimators': 200, 'max_samples': 0.2, 'max_features': 8, 'contamination': 0.12203008214118917};0.216530161;0.866337543;20859;4046672;552083;75474
{'n_estimators': 25, 'max_samples': 0.05, 'max_features': 8, 'contamination': 0.12203008214118917};0.213249873;0.866202934;20543;4046356;552399;75790
{'n_estimators': 50, 'max_samples': 0.05, 'max_features': 8, 'contamination': 0.12203008214118917};0.214381365;0.866249365;20652;4046465;552290;75681
{'n_estimators': 75, 'max_samples': 0.05, 'max_features': 8, 'contamination': 0.12203008214118917};0.210021488;0.866070455;20232;4046045;552710;76101
{'n_estimators': 100, 'max_samples': 0.05, 'max_features': 8, 'contamination': 0.12203008214118917};0.21619798;0.866323911;20827;4046640;552115;75506
{'n_estimators': 200, 'max_samples': 0.05, 'max_features': 8, 'contamination': 0.12203008214118917};0.216125315;0.866320929;20820;4046633;552122;75513
{'n_estimators': 25, 'max_samples': 0.5, 'max_features': 6, 'contamination': 0.12203008214118917};0.219945398;0.866477689;21188;4047001;551754;75145
{'n_estimators': 50, 'max_samples': 0.5, 'max_features': 6, 'contamination': 0.12203008214118917};0.221980007;0.866561181;21384;4047197;551558;74949
{'n_estimators': 75, 'max_samples': 0.5, 'max_features': 6, 'contamination': 0.12203008214118917};0.222550943;0.866584609;21439;4047252;551503;74894
{'n_estimators': 100, 'max_samples': 0.5, 'max_features': 6, 'contamination': 0.12203008214118917};0.220900418;0.866516879;21280;4047093;551662;75053
{'n_estimators': 200, 'max_samples': 0.5, 'max_features': 6, 'contamination': 0.12203008214118917};0.222447136;0.86658035;21429;4047242;551513;74904
{'n_estimators': 25, 'max_samples': 0.2, 'max_features': 6, 'contamination': 0.12203008214118917};0.205537043;0.865886433;19800;4045613;553142;76533
{'n_estimators': 50, 'max_samples': 0.2, 'max_features': 6, 'contamination': 0.12203008214118917};0.216633968;0.866341802;20869;4046682;552073;75464
{'n_estimators': 75, 'max_samples': 0.2, 'max_features': 6, 'contamination': 0.12203008214118917};0.212429801;0.866169282;20464;4046277;552478;75869
{'n_estimators': 100, 'max_samples': 0.2, 'max_features': 6, 'contamination': 0.12203008214118917};0.220069966;0.866482801;21200;4047013;551742;75133
{'n_estimators': 200, 'max_samples': 0.2, 'max_features': 6, 'contamination': 0.12203008214118917};0.214765449;0.866265126;20689;4046502;552253;75644
{'n_estimators': 25, 'max_samples': 0.05, 'max_features': 6, 'contamination': 0.12203008214118917};0.212990356;0.866192284;20518;4046331;552424;75815
{'n_estimators': 50, 'max_samples': 0.05, 'max_features': 6, 'contamination': 0.12203008214118917};0.205983412;0.86590475;19843;4045656;553099;76490
{'n_estimators': 75, 'max_samples': 0.05, 'max_features': 6, 'contamination': 0.12203008214118917};0.211568206;0.866133925;20381;4046194;552561;75952
{'n_estimators': 100, 'max_samples': 0.05, 'max_features': 6, 'contamination': 0.12203008214118917};0.213748144;0.866223381;20591;4046404;552351;75742
{'n_estimators': 200, 'max_samples': 0.05, 'max_features': 6, 'contamination': 0.12203008214118917};0.209512836;0.866049582;20183;4045996;552759;76150
{'n_estimators': 25, 'max_samples': 0.5, 'max_features': 4, 'contamination': 0.12203008214118917};0.203045685;0.865784198;19560;4045373;553382;76773
{'n_estimators': 50, 'max_samples': 0.5, 'max_features': 4, 'contamination': 0.12203008214118917};0.208620099;0.866012948;20097;4045910;552845;76236
{'n_estimators': 75, 'max_samples': 0.5, 'max_features': 4, 'contamination': 0.12203008214118917};0.211682393;0.866138611;20392;4046205;552550;75941
{'n_estimators': 100, 'max_samples': 0.5, 'max_features': 4, 'contamination': 0.12203008214118917};0.221948865;0.866559903;21381;4047194;551561;74952
{'n_estimators': 200, 'max_samples': 0.5, 'max_features': 4, 'contamination': 0.12203008214118917};0.219229132;0.866448297;21119;4046932;551823;75214
{'n_estimators': 25, 'max_samples': 0.2, 'max_features': 4, 'contamination': 0.12203008214118917};0.194107938;0.865417432;18699;4044512;554243;77634
{'n_estimators': 50, 'max_samples': 0.2, 'max_features': 4, 'contamination': 0.12203008214118917};0.202308659;0.865753954;19489;4045302;553453;76844
{'n_estimators': 75, 'max_samples': 0.2, 'max_features': 4, 'contamination': 0.12203008214118917};0.219862352;0.866474281;21180;4046993;551762;75153
{'n_estimators': 100, 'max_samples': 0.2, 'max_features': 4, 'contamination': 0.12203008214118917};0.217474801;0.866376306;20950;4046763;551992;75383
{'n_estimators': 200, 'max_samples': 0.2, 'max_features': 4, 'contamination': 0.12203008214118917};0.214495552;0.866254051;20663;4046476;552279;75670
{'n_estimators': 25, 'max_samples': 0.05, 'max_features': 4, 'contamination': 0.12203008214118917};0.213883093;0.866228918;20604;4046417;552338;75729
{'n_estimators': 50, 'max_samples': 0.05, 'max_features': 4, 'contamination': 0.12203008214118917};0.208132208;0.865992927;20050;4045863;552892;76283
{'n_estimators': 75, 'max_samples': 0.05, 'max_features': 4, 'contamination': 0.12203008214118917};0.209668546;0.866055972;20198;4046011;552744;76135
{'n_estimators': 100, 'max_samples': 0.05, 'max_features': 4, 'contamination': 0.12203008214118917};0.214817352;0.866267256;20694;4046507;552248;75639
{'n_estimators': 200, 'max_samples': 0.05, 'max_features': 4, 'contamination': 0.12203008214118917};0.207945356;0.865985259;20032;4045845;552910;76301
{'n_estimators': 25, 'max_samples': 0.5, 'max_features': 1, 'contamination': 0.12203008214118917};0.170273946;0.864439389;16403;4042216;556539;79930
{'n_estimators': 50, 'max_samples': 0.5, 'max_features': 1, 'contamination': 0.12203008214118917};0.197066426;0.865538835;18984;4044797;553958;77349
{'n_estimators': 75, 'max_samples': 0.5, 'max_features': 1, 'contamination': 0.12203008214118917};0.187796498;0.865158438;18091;4043904;554851;78242
{'n_estimators': 100, 'max_samples': 0.5, 'max_features': 1, 'contamination': 0.12203008214118917};0.181318967;0.864892628;17467;4043280;555475;78866
{'n_estimators': 200, 'max_samples': 0.5, 'max_features': 1, 'contamination': 0.12203008214118917};0.198945325;0.865615937;19165;4044978;553777;77168
{'n_estimators': 25, 'max_samples': 0.2, 'max_features': 1, 'contamination': 0.12203008214118917};0.175869121;0.86466899;16942;4042755;556000;79391
{'n_estimators': 50, 'max_samples': 0.2, 'max_features': 1, 'contamination': 0.12203008214118917};0.184703061;0.865031497;17793;4043606;555149;78540
{'n_estimators': 75, 'max_samples': 0.2, 'max_features': 1, 'contamination': 0.12203008214118917};0.191647722;0.865316475;18462;4044275;554480;77871
{'n_estimators': 100, 'max_samples': 0.2, 'max_features': 1, 'contamination': 0.12203008214118917};0.184235932;0.865012328;17748;4043561;555194;78585
{'n_estimators': 200, 'max_samples': 0.2, 'max_features': 1, 'contamination': 0.12203008214118917};0.198280963;0.865588675;19101;4044914;553841;77232
{'n_estimators': 25, 'max_samples': 0.05, 'max_features': 1, 'contamination': 0.12203008214118917};0.169661487;0.864414256;16344;4042157;556598;79989
{'n_estimators': 50, 'max_samples': 0.05, 'max_features': 1, 'contamination': 0.12203008214118917};0.177187464;0.864723089;17069;4042882;555873;79264
{'n_estimators': 75, 'max_samples': 0.05, 'max_features': 1, 'contamination': 0.12203008214118917};0.188284389;0.865178459;18138;4043951;554804;78195
{'n_estimators': 100, 'max_samples': 0.05, 'max_features': 1, 'contamination': 0.12203008214118917};0.189011035;0.865208277;18208;4044021;554734;78125
{'n_estimators': 200, 'max_samples': 0.05, 'max_features': 1, 'contamination': 0.12203008214118917};0.196267115;0.865506035;18907;4044720;554035;77426
{'n_estimators': 25, 'max_samples': 0.5, 'max_features': 8, 'contamination': 0.2179869575608004};0.33690428;0.775320292;32455;3607742;991013;63878
{'n_estimators': 50, 'max_samples': 0.5, 'max_features': 8, 'contamination': 0.2179869575608004};0.340402562;0.775463846;32792;3608079;990676;63541
{'n_estimators': 75, 'max_samples': 0.5, 'max_features': 8, 'contamination': 0.2179869575608004};0.342322984;0.775542652;32977;3608264;990491;63356
{'n_estimators': 100, 'max_samples': 0.5, 'max_features': 8, 'contamination': 0.2179869575608004};0.341357583;0.775503036;32884;3608171;990584;63449
{'n_estimators': 200, 'max_samples': 0.5, 'max_features': 8, 'contamination': 0.2179869575608004};0.339997716;0.775447233;32753;3608040;990715;63580
{'n_estimators': 25, 'max_samples': 0.2, 'max_features': 8, 'contamination': 0.2179869575608004};0.333686276;0.775188239;32145;3607432;991323;64188
{'n_estimators': 50, 'max_samples': 0.2, 'max_features': 8, 'contamination': 0.2179869575608004};0.340579033;0.775471088;32809;3608096;990659;63524
{'n_estimators': 75, 'max_samples': 0.2, 'max_features': 8, 'contamination': 0.2179869575608004};0.342478694;0.775549042;32992;3608279;990476;63341
{'n_estimators': 100, 'max_samples': 0.2, 'max_features': 8, 'contamination': 0.2179869575608004};0.335741646;0.775272583;32343;3607630;991125;63990
{'n_estimators': 200, 'max_samples': 0.2, 'max_features': 8, 'contamination': 0.2179869575608004};0.341388725;0.775504314;32887;3608174;990581;63446
{'n_estimators': 25, 'max_samples': 0.05, 'max_features': 8, 'contamination': 0.2179869575608004};0.321094537;0.774671529;30932;3606219;992536;65401
{'n_estimators': 50, 'max_samples': 0.05, 'max_features': 8, 'contamination': 0.2179869575608004};0.328226049;0.774964175;31619;3606906;991849;64714
{'n_estimators': 75, 'max_samples': 0.05, 'max_features': 8, 'contamination': 0.2179869575608004};0.334111883;0.775205704;32186;3607473;991282;64147
{'n_estimators': 100, 'max_samples': 0.05, 'max_features': 8, 'contamination': 0.2179869575608004};0.331630905;0.775103896;31947;3607234;991521;64386
{'n_estimators': 200, 'max_samples': 0.05, 'max_features': 8, 'contamination': 0.2179869575608004};0.330655123;0.775063854;31853;3607140;991615;64480
{'n_estimators': 25, 'max_samples': 0.5, 'max_features': 6, 'contamination': 0.2179869575608004};0.32713608;0.774919448;31514;3606801;991954;64819
{'n_estimators': 50, 'max_samples': 0.5, 'max_features': 6, 'contamination': 0.2179869575608004};0.338295288;0.775377373;32589;3607876;990879;63744
{'n_estimators': 75, 'max_samples': 0.5, 'max_features': 6, 'contamination': 0.2179869575608004};0.339956194;0.775445529;32749;3608036;990719;63584
{'n_estimators': 100, 'max_samples': 0.5, 'max_features': 6, 'contamination': 0.2179869575608004};0.331921564;0.775115823;31975;3607262;991493;64358
{'n_estimators': 200, 'max_samples': 0.5, 'max_features': 6, 'contamination': 0.2179869575608004};0.339198406;0.775414433;32676;3607963;990792;63657
{'n_estimators': 25, 'max_samples': 0.2, 'max_features': 6, 'contamination': 0.2179869575608004};0.324561677;0.774813805;31266;3606553;992202;65067
{'n_estimators': 50, 'max_samples': 0.2, 'max_features': 6, 'contamination': 0.2179869575608004};0.328672418;0.774982492;31662;3606949;991806;64671
{'n_estimators': 75, 'max_samples': 0.2, 'max_features': 6, 'contamination': 0.2179869575608004};0.332689732;0.775147345;32049;3607336;991419;64284
{'n_estimators': 100, 'max_samples': 0.2, 'max_features': 6, 'contamination': 0.2179869575608004};0.329523632;0.775017422;31744;3607031;991724;64589
{'n_estimators': 200, 'max_samples': 0.2, 'max_features': 6, 'contamination': 0.2179869575608004};0.335181091;0.77524958;32289;3607576;991179;64044
{'n_estimators': 25, 'max_samples': 0.05, 'max_features': 6, 'contamination': 0.2179869575608004};0.333229527;0.775169496;32101;3607388;991367;64232
{'n_estimators': 50, 'max_samples': 0.05, 'max_features': 6, 'contamination': 0.2179869575608004};0.325599743;0.774856403;31366;3606653;992102;64967
{'n_estimators': 75, 'max_samples': 0.05, 'max_features': 6, 'contamination': 0.2179869575608004};0.327997675;0.774954804;31597;3606884;991871;64736
{'n_estimators': 100, 'max_samples': 0.05, 'max_features': 6, 'contamination': 0.2179869575608004};0.329845432;0.775030628;31775;3607062;991693;64558
{'n_estimators': 200, 'max_samples': 0.05, 'max_features': 6, 'contamination': 0.2179869575608004};0.329752006;0.775026794;31766;3607053;991702;64567
{'n_estimators': 25, 'max_samples': 0.5, 'max_features': 4, 'contamination': 0.2179869575608004};0.316236388;0.774472172;30464;3605751;993004;65869
{'n_estimators': 50, 'max_samples': 0.5, 'max_features': 4, 'contamination': 0.2179869575608004};0.330862737;0.775072374;31873;3607160;991595;64460
{'n_estimators': 75, 'max_samples': 0.5, 'max_features': 4, 'contamination': 0.2179869575608004};0.338617089;0.775390578;32620;3607907;990848;63713
{'n_estimators': 100, 'max_samples': 0.5, 'max_features': 4, 'contamination': 0.2179869575608004};0.328153385;0.774961193;31612;3606899;991856;64721
{'n_estimators': 200, 'max_samples': 0.5, 'max_features': 4, 'contamination': 0.2179869575608004};0.335388704;0.7752581;32309;3607596;991159;64024
{'n_estimators': 25, 'max_samples': 0.2, 'max_features': 4, 'contamination': 0.2179869575608004};0.315883446;0.774457689;30430;3605717;993038;65903
{'n_estimators': 50, 'max_samples': 0.2, 'max_features': 4, 'contamination': 0.2179869575608004};0.329212212;0.775004643;31714;3607001;991754;64619
{'n_estimators': 75, 'max_samples': 0.2, 'max_features': 4, 'contamination': 0.2179869575608004};0.329419825;0.775013163;31734;3607021;991734;64599
{'n_estimators': 100, 'max_samples': 0.2, 'max_features': 4, 'contamination': 0.2179869575608004};0.329762387;0.77502722;31767;3607054;991701;64566
{'n_estimators': 200, 'max_samples': 0.2, 'max_features': 4, 'contamination': 0.2179869575608004};0.334527109;0.775222743;32226;3607513;991242;64107
{'n_estimators': 25, 'max_samples': 0.05, 'max_features': 4, 'contamination': 0.2179869575608004};0.319817716;0.774619134;30809;3606096;992659;65524
{'n_estimators': 50, 'max_samples': 0.05, 'max_features': 4, 'contamination': 0.2179869575608004};0.315592788;0.774445761;30402;3605689;993066;65931
{'n_estimators': 75, 'max_samples': 0.05, 'max_features': 4, 'contamination': 0.2179869575608004};0.322049557;0.774710719;31024;3606311;992444;65309
{'n_estimators': 100, 'max_samples': 0.05, 'max_features': 4, 'contamination': 0.2179869575608004};0.328298714;0.774967157;31626;3606913;991842;64707
{'n_estimators': 200, 'max_samples': 0.05, 'max_features': 4, 'contamination': 0.2179869575608004};0.330053045;0.775039147;31795;3607082;991673;64538
{'n_estimators': 25, 'max_samples': 0.5, 'max_features': 1, 'contamination': 0.2179869575608004};0.280827961;0.773019164;27053;3602340;996415;69280
{'n_estimators': 50, 'max_samples': 0.5, 'max_features': 1, 'contamination': 0.2179869575608004};0.284679186;0.773177201;27424;3602711;996044;68909
{'n_estimators': 75, 'max_samples': 0.5, 'max_features': 1, 'contamination': 0.2179869575608004};0.265879813;0.772405757;25613;3600900;997855;70720
{'n_estimators': 100, 'max_samples': 0.5, 'max_features': 1, 'contamination': 0.2179869575608004};0.304869567;0.774005727;29369;3604656;994099;66964
{'n_estimators': 200, 'max_samples': 0.5, 'max_features': 1, 'contamination': 0.2179869575608004};0.301205194;0.773855357;29016;3604303;994452;67317
{'n_estimators': 25, 'max_samples': 0.2, 'max_features': 1, 'contamination': 0.2179869575608004};0.284980225;0.773189555;27453;3602740;996015;68880
{'n_estimators': 50, 'max_samples': 0.2, 'max_features': 1, 'contamination': 0.2179869575608004};0.288322797;0.773326719;27775;3603062;995693;68558
{'n_estimators': 75, 'max_samples': 0.2, 'max_features': 1, 'contamination': 0.2179869575608004};0.296077149;0.773644924;28522;3603809;994946;67811
{'n_estimators': 100, 'max_samples': 0.2, 'max_features': 1, 'contamination': 0.2179869575608004};0.288571933;0.773336943;27799;3603086;995669;68534
{'n_estimators': 200, 'max_samples': 0.2, 'max_features': 1, 'contamination': 0.2179869575608004};0.296699989;0.773670483;28582;3603869;994886;67751
{'n_estimators': 25, 'max_samples': 0.05, 'max_features': 1, 'contamination': 0.2179869575608004};0.273675687;0.772725666;26364;3601651;997104;69969
{'n_estimators': 50, 'max_samples': 0.05, 'max_features': 1, 'contamination': 0.2179869575608004};0.272201634;0.772665177;26222;3601509;997246;70111
{'n_estimators': 75, 'max_samples': 0.05, 'max_features': 1, 'contamination': 0.2179869575608004};0.299834948;0.773799128;28884;3604171;994584;67449
{'n_estimators': 100, 'max_samples': 0.05, 'max_features': 1, 'contamination': 0.2179869575608004};0.28915325;0.773360797;27855;3603142;995613;68478
{'n_estimators': 200, 'max_samples': 0.05, 'max_features': 1, 'contamination': 0.2179869575608004};0.3006654;0.773833206;28964;3604251;994504;67369
{'n_estimators': 25, 'max_samples': 0.5, 'max_features': 8, 'contamination': 0.3139438329804116};0.435935764;0.683427233;41995;3166756;1431999;54338
{'n_estimators': 50, 'max_samples': 0.5, 'max_features': 8, 'contamination': 0.3139438329804116};0.448641691;0.683948629;43219;3167980;1430775;53114
{'n_estimators': 75, 'max_samples': 0.5, 'max_features': 8, 'contamination': 0.3139438329804116};0.444645137;0.683784628;42834;3167595;1431160;53499
{'n_estimators': 100, 'max_samples': 0.5, 'max_features': 8, 'contamination': 0.3139438329804116};0.440046505;0.68359592;42391;3167152;1431603;53942
{'n_estimators': 200, 'max_samples': 0.5, 'max_features': 8, 'contamination': 0.3139438329804116};0.444987699;0.683798685;42867;3167628;1431127;53466
{'n_estimators': 25, 'max_samples': 0.2, 'max_features': 8, 'contamination': 0.3139438329804116};0.431825024;0.683258546;41599;3166360;1432395;54734
{'n_estimators': 50, 'max_samples': 0.2, 'max_features': 8, 'contamination': 0.3139438329804116};0.428409787;0.683118399;41270;3166031;1432724;55063
{'n_estimators': 75, 'max_samples': 0.2, 'max_features': 8, 'contamination': 0.3139438329804116};0.439714324;0.683582289;42359;3167120;1431635;53974
{'n_estimators': 100, 'max_samples': 0.2, 'max_features': 8, 'contamination': 0.3139438329804116};0.445921958;0.683837023;42957;3167718;1431037;53376
{'n_estimators': 200, 'max_samples': 0.2, 'max_features': 8, 'contamination': 0.3139438329804116};0.443814684;0.68375055;42754;3167515;1431240;53579
{'n_estimators': 25, 'max_samples': 0.05, 'max_features': 8, 'contamination': 0.3139438329804116};0.432271392;0.683276863;41642;3166403;1432352;54691
{'n_estimators': 50, 'max_samples': 0.05, 'max_features': 8, 'contamination': 0.3139438329804116};0.43949633;0.683573343;42338;3167099;1431656;53995
{'n_estimators': 75, 'max_samples': 0.05, 'max_features': 8, 'contamination': 0.3139438329804116};0.440316402;0.683606995;42417;3167178;1431577;53916
{'n_estimators': 100, 'max_samples': 0.05, 'max_features': 8, 'contamination': 0.3139438329804116};0.434710847;0.683376968;41877;3166638;1432117;54456
{'n_estimators': 200, 'max_samples': 0.05, 'max_features': 8, 'contamination': 0.3139438329804116};0.437793902;0.683503483;42174;3166935;1431820;54159
{'n_estimators': 25, 'max_samples': 0.5, 'max_features': 6, 'contamination': 0.3139438329804116};0.437648573;0.683497519;42160;3166921;1431834;54173
{'n_estimators': 50, 'max_samples': 0.5, 'max_features': 6, 'contamination': 0.3139438329804116};0.438510168;0.683532875;42243;3167004;1431751;54090
{'n_estimators': 75, 'max_samples': 0.5, 'max_features': 6, 'contamination': 0.3139438329804116};0.447956567;0.683920514;43153;3167914;1430841;53180
{'n_estimators': 100, 'max_samples': 0.5, 'max_features': 6, 'contamination': 0.3139438329804116};0.444271433;0.683769293;42798;3167559;1431196;53535
{'n_estimators': 200, 'max_samples': 0.5, 'max_features': 6, 'contamination': 0.3139438329804116};0.442724715;0.683705822;42649;3167410;1431345;53684
{'n_estimators': 25, 'max_samples': 0.2, 'max_features': 6, 'contamination': 0.3139438329804116};0.422752328;0.682886242;40725;3165486;1433269;55608
{'n_estimators': 50, 'max_samples': 0.2, 'max_features': 6, 'contamination': 0.3139438329804116};0.438925394;0.683549914;42283;3167044;1431711;54050
{'n_estimators': 75, 'max_samples': 0.2, 'max_features': 6, 'contamination': 0.3139438329804116};0.44169703;0.68366365;42550;3167311;1431444;53783
{'n_estimators': 100, 'max_samples': 0.2, 'max_features': 6, 'contamination': 0.3139438329804116};0.437191824;0.683478776;42116;3166877;1431878;54217
{'n_estimators': 200, 'max_samples': 0.2, 'max_features': 6, 'contamination': 0.3139438329804116};0.436600127;0.683454495;42059;3166820;1431935;54274
{'n_estimators': 25, 'max_samples': 0.05, 'max_features': 6, 'contamination': 0.3139438329804116};0.432655476;0.683292624;41679;3166440;1432315;54654
{'n_estimators': 50, 'max_samples': 0.05, 'max_features': 6, 'contamination': 0.3139438329804116};0.427423624;0.683077932;41175;3165936;1432819;55158
{'n_estimators': 75, 'max_samples': 0.05, 'max_features': 6, 'contamination': 0.3139438329804116};0.431980733;0.683264936;41614;3166375;1432380;54719
{'n_estimators': 100, 'max_samples': 0.05, 'max_features': 6, 'contamination': 0.3139438329804116};0.432209108;0.683274307;41636;3166397;1432358;54697
{'n_estimators': 200, 'max_samples': 0.05, 'max_features': 6, 'contamination': 0.3139438329804116};0.440088028;0.683597624;42395;3167156;1431599;53938
{'n_estimators': 25, 'max_samples': 0.5, 'max_features': 4, 'contamination': 0.3139438329804116};0.406911443;0.682236201;39199;3163960;1434795;57134
{'n_estimators': 50, 'max_samples': 0.5, 'max_features': 4, 'contamination': 0.3139438329804116};0.436392513;0.683445976;42039;3166800;1431955;54294
{'n_estimators': 75, 'max_samples': 0.5, 'max_features': 4, 'contamination': 0.3139438329804116};0.443295652;0.683729251;42704;3167465;1431290;53629
{'n_estimators': 100, 'max_samples': 0.5, 'max_features': 4, 'contamination': 0.3139438329804116};0.437347534;0.683485166;42131;3166892;1431863;54202
{'n_estimators': 200, 'max_samples': 0.5, 'max_features': 4, 'contamination': 0.3139438329804116};0.441209139;0.683643629;42503;3167264;1431491;53830
{'n_estimators': 25, 'max_samples': 0.2, 'max_features': 4, 'contamination': 0.3139438329804116};0.422690044;0.682883686;40719;3165480;1433275;55614
{'n_estimators': 50, 'max_samples': 0.2, 'max_features': 4, 'contamination': 0.3139438329804116};0.436039571;0.683431493;42005;3166766;1431989;54328
{'n_estimators': 75, 'max_samples': 0.2, 'max_features': 4, 'contamination': 0.3139438329804116};0.432344057;0.683279845;41649;3166410;1432345;54684
{'n_estimators': 100, 'max_samples': 0.2, 'max_features': 4, 'contamination': 0.3139438329804116};0.433984201;0.683347149;41807;3166568;1432187;54526
{'n_estimators': 200, 'max_samples': 0.2, 'max_features': 4, 'contamination': 0.3139438329804116};0.438333697;0.683525634;42226;3166987;1431768;54107
{'n_estimators': 25, 'max_samples': 0.05, 'max_features': 4, 'contamination': 0.3139438329804116};0.411883778;0.682440244;39678;3164439;1434316;56655
{'n_estimators': 50, 'max_samples': 0.05, 'max_features': 4, 'contamination': 0.3139438329804116};0.425555106;0.683001256;40995;3165756;1432999;55338
{'n_estimators': 75, 'max_samples': 0.05, 'max_features': 4, 'contamination': 0.3139438329804116};0.422378624;0.682870907;40689;3165450;1433305;55644
{'n_estimators': 100, 'max_samples': 0.05, 'max_features': 4, 'contamination': 0.3139438329804116};0.435198738;0.683396989;41924;3166685;1432070;54409
{'n_estimators': 200, 'max_samples': 0.05, 'max_features': 4, 'contamination': 0.3139438329804116};0.443046516;0.683719027;42680;3167441;1431314;53653
{'n_estimators': 25, 'max_samples': 0.5, 'max_features': 1, 'contamination': 0.3139438329804116};0.367371513;0.680613654;35390;3160151;1438604;60943
{'n_estimators': 50, 'max_samples': 0.5, 'max_features': 1, 'contamination': 0.3139438329804116};0.353471811;0.680043271;34051;3158812;1439943;62282
{'n_estimators': 75, 'max_samples': 0.5, 'max_features': 1, 'contamination': 0.3139438329804116};0.386752203;0.681408953;37257;3162018;1436737;59076
{'n_estimators': 100, 'max_samples': 0.5, 'max_features': 1, 'contamination': 0.3139438329804116};0.384862923;0.681331426;37075;3161836;1436919;59258
{'n_estimators': 200, 'max_samples': 0.5, 'max_features': 1, 'contamination': 0.3139438329804116};0.384458078;0.681314812;37036;3161797;1436958;59297
{'n_estimators': 25, 'max_samples': 0.2, 'max_features': 1, 'contamination': 0.3139438329804116};0.390157059;0.681548674;37585;3162346;1436409;58748
{'n_estimators': 50, 'max_samples': 0.2, 'max_features': 1, 'contamination': 0.3139438329804116};0.375925176;0.680964659;36214;3160975;1437780;60119
{'n_estimators': 75, 'max_samples': 0.2, 'max_features': 1, 'contamination': 0.3139438329804116};0.385900989;0.681374023;37175;3161936;1436819;59158
{'n_estimators': 100, 'max_samples': 0.2, 'max_features': 1, 'contamination': 0.3139438329804116};0.3967903;0.681820873;38224;3162985;1435770;58109
{'n_estimators': 200, 'max_samples': 0.2, 'max_features': 1, 'contamination': 0.3139438329804116};0.383669148;0.681282438;36960;3161721;1437034;59373
{'n_estimators': 25, 'max_samples': 0.05, 'max_features': 1, 'contamination': 0.3139438329804116};0.382309281;0.681226635;36829;3161590;1437165;59504
{'n_estimators': 50, 'max_samples': 0.05, 'max_features': 1, 'contamination': 0.3139438329804116};0.389731452;0.681531209;37544;3162305;1436450;58789
{'n_estimators': 75, 'max_samples': 0.05, 'max_features': 1, 'contamination': 0.3139438329804116};0.381956339;0.681212152;36795;3161556;1437199;59538
{'n_estimators': 100, 'max_samples': 0.05, 'max_features': 1, 'contamination': 0.3139438329804116};0.378105115;0.681054114;36424;3161185;1437570;59909
{'n_estimators': 200, 'max_samples': 0.05, 'max_features': 1, 'contamination': 0.3139438329804116};0.388143212;0.681466034;37391;3162152;1436603;58942
{'n_estimators': 25, 'max_samples': 0.5, 'max_features': 8, 'contamination': 0.40990070840002285};0.536181786;0.591584013;51652;2725887;1872868;44681
{'n_estimators': 50, 'max_samples': 0.5, 'max_features': 8, 'contamination': 0.40990070840002285};0.536285593;0.591588273;51662;2725897;1872858;44671
{'n_estimators': 75, 'max_samples': 0.5, 'max_features': 8, 'contamination': 0.40990070840002285};0.541340973;0.591795724;52149;2726384;1872371;44184
{'n_estimators': 100, 'max_samples': 0.5, 'max_features': 8, 'contamination': 0.40990070840002285};0.535569327;0.59155888;51593;2725828;1872927;44740
{'n_estimators': 200, 'max_samples': 0.5, 'max_features': 8, 'contamination': 0.40990070840002285};0.537738885;0.591647909;51802;2726037;1872718;44531
{'n_estimators': 25, 'max_samples': 0.2, 'max_features': 8, 'contamination': 0.40990070840002285};0.522333987;0.591015759;50318;2724553;1874202;46015
{'n_estimators': 50, 'max_samples': 0.2, 'max_features': 8, 'contamination': 0.40990070840002285};0.532351323;0.591426827;51283;2725518;1873237;45050
{'n_estimators': 75, 'max_samples': 0.2, 'max_features': 8, 'contamination': 0.40990070840002285};0.536233689;0.591586143;51657;2725892;1872863;44676
{'n_estimators': 100, 'max_samples': 0.2, 'max_features': 8, 'contamination': 0.40990070840002285};0.537033;0.591618943;51734;2725969;1872786;44599
{'n_estimators': 200, 'max_samples': 0.2, 'max_features': 8, 'contamination': 0.40990070840002285};0.536949955;0.591615535;51726;2725961;1872794;44607
{'n_estimators': 25, 'max_samples': 0.05, 'max_features': 8, 'contamination': 0.40990070840002285};0.531821909;0.591405103;51232;2725467;1873288;45101
{'n_estimators': 50, 'max_samples': 0.05, 'max_features': 8, 'contamination': 0.40990070840002285};0.539410171;0.591716492;51963;2726198;1872557;44370
{'n_estimators': 75, 'max_samples': 0.05, 'max_features': 8, 'contamination': 0.40990070840002285};0.530524327;0.591351855;51107;2725342;1873413;45226
{'n_estimators': 100, 'max_samples': 0.05, 'max_features': 8, 'contamination': 0.40990070840002285};0.529974152;0.591329279;51054;2725289;1873466;45279
{'n_estimators': 200, 'max_samples': 0.05, 'max_features': 8, 'contamination': 0.40990070840002285};0.535569327;0.59155888;51593;2725828;1872927;44740
{'n_estimators': 25, 'max_samples': 0.5, 'max_features': 6, 'contamination': 0.40990070840002285};0.539368648;0.591714788;51959;2726194;1872561;44374
{'n_estimators': 50, 'max_samples': 0.5, 'max_features': 6, 'contamination': 0.40990070840002285};0.533981086;0.591493706;51440;2725675;1873080;44893
{'n_estimators': 75, 'max_samples': 0.5, 'max_features': 6, 'contamination': 0.40990070840002285};0.538870377;0.591694341;51911;2726146;1872609;44422
{'n_estimators': 100, 'max_samples': 0.5, 'max_features': 6, 'contamination': 0.40990070840002285};0.539295984;0.591711806;51952;2726187;1872568;44381
{'n_estimators': 200, 'max_samples': 0.5, 'max_features': 6, 'contamination': 0.40990070840002285};0.541465541;0.591800835;52161;2726396;1872359;44172
{'n_estimators': 25, 'max_samples': 0.2, 'max_features': 6, 'contamination': 0.40990070840002285};0.514122886;0.590678812;49527;2723762;1874993;46806
{'n_estimators': 50, 'max_samples': 0.2, 'max_features': 6, 'contamination': 0.40990070840002285};0.521804574;0.590994035;50267;2724502;1874253;46066
{'n_estimators': 75, 'max_samples': 0.2, 'max_features': 6, 'contamination': 0.40990070840002285};0.52410908;0.591088602;50489;2724724;1874031;45844
{'n_estimators': 100, 'max_samples': 0.2, 'max_features': 6, 'contamination': 0.40990070840002285};0.534396313;0.591510745;51480;2725715;1873040;44853
{'n_estimators': 200, 'max_samples': 0.2, 'max_features': 6, 'contamination': 0.40990070840002285};0.536981097;0.591616813;51729;2725964;1872791;44604
{'n_estimators': 25, 'max_samples': 0.05, 'max_features': 6, 'contamination': 0.40990070840002285};0.51590836;0.59075208;49699;2723934;1874821;46634
{'n_estimators': 50, 'max_samples': 0.05, 'max_features': 6, 'contamination': 0.40990070840002285};0.517382413;0.590812568;49841;2724076;1874679;46492
{'n_estimators': 75, 'max_samples': 0.05, 'max_features': 6, 'contamination': 0.40990070840002285};0.528292485;0.59126027;50892;2725127;1873628;45441
{'n_estimators': 100, 'max_samples': 0.05, 'max_features': 6, 'contamination': 0.40990070840002285};0.528219821;0.591257288;50885;2725120;1873635;45448
{'n_estimators': 200, 'max_samples': 0.05, 'max_features': 6, 'contamination': 0.40990070840002285};0.52868695;0.591276457;50930;2725165;1873590;45403
{'n_estimators': 25, 'max_samples': 0.5, 'max_features': 4, 'contamination': 0.40990070840002285};0.50629587;0.590357625;48773;2723008;1875747;47560
{'n_estimators': 50, 'max_samples': 0.5, 'max_features': 4, 'contamination': 0.40990070840002285};0.52489801;0.591120976;50565;2724800;1873955;45768
{'n_estimators': 75, 'max_samples': 0.5, 'max_features': 4, 'contamination': 0.40990070840002285};0.528468957;0.591267512;50909;2725144;1873611;45424
{'n_estimators': 100, 'max_samples': 0.5, 'max_features': 4, 'contamination': 0.40990070840002285};0.538642002;0.591684969;51889;2726124;1872631;44444
{'n_estimators': 200, 'max_samples': 0.5, 'max_features': 4, 'contamination': 0.40990070840002285};0.534126416;0.591499669;51454;2725689;1873066;44879
{'n_estimators': 25, 'max_samples': 0.2, 'max_features': 4, 'contamination': 0.40990070840002285};0.531012218;0.591371876;51154;2725389;1873366;45179
{'n_estimators': 50, 'max_samples': 0.2, 'max_features': 4, 'contamination': 0.40990070840002285};0.52584265;0.59115974;50656;2724891;1873864;45677
{'n_estimators': 75, 'max_samples': 0.2, 'max_features': 4, 'contamination': 0.40990070840002285};0.525116004;0.591129921;50586;2724821;1873934;45747
{'n_estimators': 100, 'max_samples': 0.2, 'max_features': 4, 'contamination': 0.40990070840002285};0.528904944;0.591285403;50951;2725186;1873569;45382
{'n_estimators': 200, 'max_samples': 0.2, 'max_features': 4, 'contamination': 0.40990070840002285};0.536275212;0.591587847;51661;2725896;1872859;44672
{'n_estimators': 25, 'max_samples': 0.05, 'max_features': 4, 'contamination': 0.40990070840002285};0.521202496;0.590969328;50209;2724444;1874311;46124
{'n_estimators': 50, 'max_samples': 0.05, 'max_features': 4, 'contamination': 0.40990070840002285};0.517050232;0.590798937;49809;2724044;1874711;46524
{'n_estimators': 75, 'max_samples': 0.05, 'max_features': 4, 'contamination': 0.40990070840002285};0.514859913;0.590709056;49598;2723833;1874922;46735
{'n_estimators': 100, 'max_samples': 0.05, 'max_features': 4, 'contamination': 0.40990070840002285};0.524825345;0.591117994;50558;2724793;1873962;45775
{'n_estimators': 200, 'max_samples': 0.05, 'max_features': 4, 'contamination': 0.40990070840002285};0.529662732;0.591316499;51024;2725259;1873496;45309
{'n_estimators': 25, 'max_samples': 0.5, 'max_features': 1, 'contamination': 0.40990070840002285};0.452503296;0.588150211;43591;2717826;1880929;52742
{'n_estimators': 50, 'max_samples': 0.5, 'max_features': 1, 'contamination': 0.40990070840002285};0.485233513;0.589493317;46744;2720979;1877776;49589
{'n_estimators': 75, 'max_samples': 0.5, 'max_features': 1, 'contamination': 0.40990070840002285};0.457901238;0.58837172;44111;2718346;1880409;52222
{'n_estimators': 100, 'max_samples': 0.5, 'max_features': 1, 'contamination': 0.40990070840002285};0.457351063;0.588349143;44058;2718293;1880462;52275
{'n_estimators': 200, 'max_samples': 0.5, 'max_features': 1, 'contamination': 0.40990070840002285};0.453655549;0.588197495;43702;2717937;1880818;52631
{'n_estimators': 25, 'max_samples': 0.2, 'max_features': 1, 'contamination': 0.40990070840002285};0.453115755;0.588175344;43650;2717885;1880870;52683
{'n_estimators': 50, 'max_samples': 0.2, 'max_features': 1, 'contamination': 0.40990070840002285};0.462541393;0.588562131;44558;2718793;1879962;51775
{'n_estimators': 75, 'max_samples': 0.2, 'max_features': 1, 'contamination': 0.40990070840002285};0.474281918;0.589043911;45689;2719924;1878831;50644
{'n_estimators': 100, 'max_samples': 0.2, 'max_features': 1, 'contamination': 0.40990070840002285};0.448818162;0.58799899;43236;2717471;1881284;53097
{'n_estimators': 200, 'max_samples': 0.2, 'max_features': 1, 'contamination': 0.40990070840002285};0.470710971;0.588897375;45345;2719580;1879175;50988
{'n_estimators': 25, 'max_samples': 0.05, 'max_features': 1, 'contamination': 0.40990070840002285};0.456385662;0.588309527;43965;2718200;1880555;52368
{'n_estimators': 50, 'max_samples': 0.05, 'max_features': 1, 'contamination': 0.40990070840002285};0.465271506;0.588674163;44821;2719056;1879699;51512
{'n_estimators': 75, 'max_samples': 0.05, 'max_features': 1, 'contamination': 0.40990070840002285};0.450344119;0.588061608;43383;2717618;1881137;52950
{'n_estimators': 100, 'max_samples': 0.05, 'max_features': 1, 'contamination': 0.40990070840002285};0.4825034;0.589381285;46481;2720716;1878039;49852
{'n_estimators': 200, 'max_samples': 0.05, 'max_features': 1, 'contamination': 0.40990070840002285};0.472403019;0.58896681;45508;2719743;1879012;50825
